,1,2,3,4,5,6,7,8,9,10,11,12,13,14,15,16,17,18,19,20,21,22,23,24,25,26,27,28,29,30,31,32,33,34,35,36,37,38
1,No_connection,False,1.0,False,False,False,False,False,False,False,False,False,False,False,False,False,False,False,0.16494845360824745,False,0.249386352479136,False,False,False,False,False,False,False,False,False,False,False,False,False,False,False,False,False
2,False,No_connection,False,False,False,False,False,False,False,False,False,False,False,False,False,False,False,False,False,False,False,False,False,False,False,False,False,False,False,False,False,False,False,False,False,False,False,False
3,False,False,No_connection,False,False,False,False,False,False,False,False,False,0.09131075110456555,False,False,False,False,False,False,False,False,False,False,0.08051055473735885,False,False,False,False,False,0.3242513500245459,False,False,False,False,False,False,False,False
4,False,False,False,No_connection,False,False,False,False,False,False,False,False,False,False,False,False,False,False,False,False,False,False,False,False,False,False,False,False,False,False,False,False,False,0.41114383897889056,False,False,False,False
5,False,False,False,False,No_connection,False,False,False,False,0.05228276877761414,False,False,False,False,False,False,False,False,False,False,False,0.060873834069710364,False,False,False,False,False,False,False,False,False,False,False,False,False,False,False,False
6,False,False,False,False,False,No_connection,False,False,False,False,False,False,0.08762886597938145,False,False,False,False,False,False,False,False,False,False,False,False,False,False,False,False,False,False,False,False,False,False,False,False,0.32572410407461955
7,False,False,False,False,False,False,No_connection,False,False,False,False,False,False,False,False,False,False,False,False,False,False,False,False,False,False,False,False,False,False,False,False,False,False,False,False,False,False,False
8,False,False,False,False,False,False,False,No_connection,False,False,False,False,False,False,False,False,False,False,False,False,False,False,False,False,False,False,False,False,False,False,False,False,False,False,False,False,False,False
9,False,False,False,False,False,False,False,False,No_connection,False,False,False,False,False,False,False,False,False,False,False,False,False,False,0.05179185076092293,False,False,False,False,False,False,False,False,False,False,False,False,0.017427589592538047,False
10,False,False,False,False,False,False,False,False,False,No_connection,False,False,False,False,False,False,False,False,False,False,False,False,False,False,False,False,False,False,False,False,False,False,False,False,False,False,False,False
11,False,False,False,False,False,False,False,False,False,False,No_connection,False,False,False,False,0.002454590083456063,False,False,False,False,False,False,False,False,False,False,False,False,False,False,False,False,False,False,False,False,False,False
12,False,False,False,False,False,False,False,False,False,0.017427589592538047,False,No_connection,0.013009327442317134,False,False,False,False,False,False,False,False,False,False,False,False,False,False,False,False,False,False,False,False,False,False,False,False,False
13,False,False,False,False,False,False,False,False,False,False,False,False,No_connection,False,False,False,False,False,False,False,False,False,False,False,False,False,False,False,False,False,False,False,False,False,False,False,False,False
14,False,False,False,False,False,False,False,False,False,False,False,False,False,No_connection,False,False,False,False,False,False,False,False,False,False,False,False,False,False,False,False,False,False,False,False,False,False,False,False
15,False,False,False,False,False,False,False,False,False,False,False,False,False,False,No_connection,False,False,0.002454590083456063,False,False,False,False,False,False,False,False,False,False,False,False,False,False,False,False,False,False,0.0036818851251840946,False
16,False,False,False,False,False,False,False,False,False,False,False,False,False,False,False,No_connection,False,False,False,False,False,False,False,False,False,False,False,False,False,False,False,False,False,False,False,False,False,False
17,False,False,False,False,False,0.08296514482081492,False,False,False,False,False,False,False,False,False,False,No_connection,False,False,False,False,False,False,False,False,False,False,False,False,False,False,False,False,False,False,False,False,False
18,False,0.7648502700049092,False,False,False,False,False,False,False,False,False,False,False,False,False,False,0.028227785959744723,No_connection,False,False,False,False,False,False,False,False,False,False,False,False,False,False,False,False,False,False,False,False
19,False,0.2376043200785469,False,False,False,False,False,False,False,False,False,False,False,False,False,False,False,False,No_connection,False,False,False,False,False,False,False,False,False,False,False,False,False,False,False,False,False,False,False
20,False,False,False,False,False,False,False,False,False,False,False,False,False,False,0.08051055473735885,False,False,False,False,No_connection,False,False,False,False,False,False,False,False,False,False,False,False,False,False,False,False,False,False
21,False,False,False,False,False,False,False,False,False,0.07928325969563083,False,False,False,False,False,False,False,False,False,False,No_connection,False,False,False,False,False,False,False,False,False,False,False,False,False,False,False,False,False
22,False,0.3726067746686304,False,False,False,False,False,False,False,False,False,False,False,False,False,False,False,False,False,False,False,No_connection,False,False,False,False,False,False,False,False,False,False,False,False,False,False,0.013745704467353952,False
23,False,False,False,False,False,False,False,False,False,False,0.002454590083456063,False,False,False,False,False,False,False,False,False,False,False,No_connection,False,False,False,False,False,False,False,False,False,False,False,False,False,False,False
24,False,False,False,False,False,False,False,False,False,False,False,False,False,False,False,False,False,False,False,False,False,False,0.002454590083456063,No_connection,False,False,False,False,False,False,False,False,False,False,False,False,False,False
25,False,False,False,False,False,False,False,False,False,False,False,False,False,False,False,False,False,False,False,False,False,False,False,False,No_connection,False,False,False,False,False,False,False,False,False,False,False,False,False
26,False,False,0.5935198821796761,False,False,False,False,False,False,False,False,False,False,False,False,False,False,False,0.07142857142857144,False,False,False,False,False,False,No_connection,False,False,False,False,False,False,0.06946489936180658,False,False,False,False,False
27,False,False,False,False,0.055964653902798235,False,False,False,False,False,False,False,False,False,False,False,False,False,False,False,False,False,False,False,False,False,No_connection,False,False,False,False,False,False,False,False,False,False,False
28,False,False,False,False,False,False,False,False,False,False,False,False,False,False,False,False,False,False,False,False,False,False,False,False,False,False,False,No_connection,False,False,False,False,False,False,False,False,False,False
29,False,False,False,0.23343151693667158,False,False,False,False,False,False,False,0.00859106529209622,False,False,False,False,False,False,False,False,False,False,False,False,False,False,False,0.02847324496809033,No_connection,False,False,False,False,False,False,False,False,False
30,False,False,False,False,False,False,False,False,False,False,False,False,False,False,False,False,False,False,False,False,False,False,False,False,False,False,False,False,False,No_connection,False,False,False,False,False,False,False,False
31,False,False,False,False,False,False,False,False,False,False,False,False,False,False,False,False,False,False,False,False,False,False,False,False,False,False,False,False,False,False,No_connection,False,False,False,False,False,False,False
32,False,False,False,False,False,False,False,False,False,False,False,False,False,False,False,False,False,False,False,False,False,False,False,False,False,False,False,False,False,False,False,No_connection,False,False,False,0.06971035837015219,False,False
33,False,False,False,False,False,False,False,False,False,False,False,False,False,False,False,False,False,0.06283750613647522,False,False,False,False,False,False,False,False,False,False,False,False,False,False,No_connection,False,False,False,False,False
34,False,False,0.3357879234167894,False,False,False,False,False,False,False,False,False,False,False,False,False,False,False,False,False,False,False,False,False,False,False,False,False,False,False,False,False,False,No_connection,False,False,False,False
35,False,False,False,False,False,False,False,False,False,False,False,False,False,False,False,False,False,False,False,False,False,False,False,False,False,False,False,False,False,False,False,False,False,False,No_connection,False,False,False
36,False,False,False,False,False,False,False,False,False,False,False,False,False,False,False,False,False,False,False,False,False,False,False,False,False,False,False,False,False,False,False,False,False,False,False,No_connection,0.003190967108492882,False
37,False,0.0780559646539028,False,False,False,False,False,False,False,False,False,False,False,False,False,False,False,False,False,False,False,False,False,False,False,False,False,0.014236622484045164,False,False,False,False,False,False,False,False,No_connection,False
38,False,False,False,False,False,False,False,False,False,False,False,False,False,False,False,False,False,False,False,False,False,False,False,False,False,0.027245949926362298,False,False,False,False,False,False,False,False,False,False,False,No_connection
