,1,2,3,4,5,6,7,8,9,10,11,12,13,14,15,16,17,18,19,20,21,22,23,24,25,26,27,28,29,30,31,32,33,34,35,36,37,38
1,No_connection,False,False,False,False,False,False,False,False,False,False,False,False,False,False,False,False,False,False,False,False,False,False,False,False,False,False,False,False,False,False,False,False,False,False,False,False,False
2,False,No_connection,False,1.0,False,False,False,False,False,False,0.0007865345288658171,False,False,False,False,False,False,False,False,False,False,False,False,False,False,False,0.021787006449583136,False,False,False,False,False,False,False,False,False,False,False
3,False,False,No_connection,False,False,False,0.36015416076765766,False,False,False,False,False,False,False,False,False,False,False,False,False,False,False,0.01974201667453201,False,False,False,False,False,False,False,False,0.05497876356772062,False,False,False,False,False,False
4,False,False,False,No_connection,False,False,False,False,False,False,False,False,False,False,False,False,False,False,False,False,False,False,False,False,False,False,False,False,False,False,False,False,False,False,False,False,False,False
5,False,False,False,False,No_connection,False,False,False,False,False,False,False,False,False,False,False,0.024618530753500078,False,False,False,False,False,0.012033978291647002,False,False,False,0.004011326097215667,False,False,False,False,False,False,False,False,False,False,False
6,False,0.8572439830108541,False,False,False,No_connection,False,False,False,False,False,False,False,False,False,False,False,False,False,False,False,False,False,False,False,False,False,False,False,False,False,False,False,False,False,False,False,False
7,False,False,False,False,False,False,No_connection,False,False,False,False,False,False,False,False,False,False,False,False,False,False,False,False,False,False,False,False,False,False,False,False,False,False,False,False,False,False,False
8,False,False,False,False,0.020921818467830738,False,0.02815793613339625,No_connection,False,0.0011798017932987258,False,False,False,False,False,False,False,False,False,False,False,False,False,False,False,False,False,False,False,False,False,False,False,False,False,False,False,False
9,False,False,False,False,False,False,False,False,No_connection,False,False,False,False,False,False,False,False,False,False,False,False,False,False,False,False,False,False,False,False,False,False,False,False,False,False,False,False,False
10,False,False,False,False,False,False,False,False,False,No_connection,False,False,False,False,False,False,False,False,False,False,False,False,False,False,False,False,False,False,False,False,False,False,False,False,False,False,False,False
11,False,False,False,False,False,False,False,False,False,False,No_connection,False,False,False,0.009438414346389807,False,False,False,False,False,False,False,False,False,False,False,False,False,False,False,False,False,False,False,False,False,False,False
12,False,False,False,False,False,False,False,False,False,False,False,No_connection,False,False,False,0.0014157621519584709,False,0.01006764196948246,False,0.025169104923706147,False,False,False,False,False,False,False,False,False,False,False,False,False,False,False,False,False,False
13,False,False,False,False,False,False,False,False,False,False,False,False,No_connection,False,False,False,False,False,False,False,False,False,False,False,False,False,False,False,False,False,False,False,False,0.0007865345288658171,False,False,False,False
14,False,False,False,False,False,False,False,False,False,False,False,False,False,No_connection,False,False,False,False,False,False,0.0025955639452571963,False,False,False,False,False,False,False,False,False,False,False,False,False,False,False,False,False
15,False,False,False,False,False,False,False,False,False,0.005741702060720465,False,False,0.0010224948875255623,False,No_connection,False,False,False,False,False,False,False,False,False,False,False,False,False,False,0.012191285197420167,False,False,False,False,False,False,False,False
16,False,0.02296680824288186,False,False,False,False,False,False,False,False,False,False,0.0012584552461853075,False,False,No_connection,False,False,False,False,0.004168633002988831,False,False,False,False,False,False,False,False,False,False,False,False,False,False,False,False,False
17,False,False,False,False,False,False,False,False,False,False,False,False,False,False,False,False,No_connection,False,False,False,False,False,False,False,False,False,False,False,False,False,False,False,False,False,False,False,False,False
18,False,False,0.1587226679251219,False,False,False,False,False,False,False,0.0007865345288658171,False,False,False,False,False,False,No_connection,False,False,False,False,False,False,False,False,False,False,False,False,False,False,False,False,False,False,False,False
19,False,False,0.035236746893188606,False,False,False,False,0.0007865345288658171,False,False,False,False,False,False,0.027371401604530436,False,False,False,No_connection,False,False,False,False,False,0.0795972943212207,False,False,False,False,False,False,0.010382255781028785,0.009831681610822714,False,False,False,False,False
20,False,False,False,False,False,False,False,False,False,False,False,False,False,0.0007865345288658171,False,False,False,False,False,No_connection,False,False,False,False,False,False,False,False,False,False,False,False,False,False,False,False,False,False
21,False,False,False,False,False,False,False,False,False,False,False,False,False,False,False,False,False,False,False,False,No_connection,False,False,False,0.1664307063080069,False,False,False,False,False,False,False,False,0.05490011011483403,False,False,False,False
22,False,False,False,False,False,False,False,False,False,False,False,False,False,False,False,False,False,False,False,False,False,No_connection,False,False,False,False,False,False,False,False,False,0.015416076765770018,False,False,False,0.013843007708038382,False,False
23,False,False,False,False,False,False,False,False,False,False,False,False,False,False,False,False,False,False,False,False,False,False,No_connection,False,0.12364322793770645,False,False,False,False,False,0.04695611137328928,False,False,False,False,False,False,False
24,False,False,False,False,False,False,False,False,0.0007865345288658171,False,False,False,False,False,False,False,False,False,False,False,False,False,False,No_connection,False,False,False,False,False,False,False,False,False,False,False,False,False,False
25,0.6267107126002831,False,False,False,False,False,False,False,False,False,0.0007865345288658171,False,False,False,False,False,False,False,False,False,False,False,False,False,No_connection,0.12151958470976874,False,False,False,False,False,False,0.038776152273084785,False,False,False,False,False
26,False,False,False,False,False,False,False,False,0.0016517225106182161,False,False,False,False,False,False,False,0.0051911278905143925,False,False,False,False,False,False,False,False,No_connection,False,False,False,False,False,False,False,False,False,False,False,False
27,False,False,False,False,False,False,False,False,False,False,False,False,False,False,False,False,False,False,False,False,False,False,False,False,False,False,No_connection,False,0.006764196948246027,False,False,False,False,False,False,False,False,False
28,False,False,False,False,False,False,False,False,False,False,False,False,False,0.0007865345288658171,False,False,False,False,False,False,False,False,False,False,False,False,False,No_connection,False,False,False,False,False,False,False,False,False,False
29,False,False,False,False,False,False,0.03271983640081799,False,False,False,False,False,False,False,False,False,False,False,False,False,False,False,False,False,False,False,False,False,No_connection,False,False,False,False,False,False,False,False,False
30,False,False,False,0.1724870221802737,False,False,False,False,False,False,False,False,False,False,False,False,False,False,False,False,False,False,False,False,False,False,False,False,False,No_connection,False,False,False,False,False,False,False,False
31,False,False,False,False,False,False,False,False,False,False,False,False,False,False,False,False,False,False,False,0.2056001258455246,False,False,False,False,False,False,False,False,False,False,No_connection,0.05049551675318546,False,False,False,False,False,False
32,False,False,False,False,False,False,False,False,0.016753185464841905,False,False,False,False,False,False,False,False,0.035079439987415445,False,False,False,False,0.010696869592575113,False,False,False,False,False,False,False,False,No_connection,False,False,False,False,False,False
33,False,0.1741387446908919,False,False,False,False,False,False,False,False,False,False,0.010539562686801951,False,False,False,False,False,False,False,False,False,False,False,False,False,False,False,False,0.050810130564731784,False,False,No_connection,False,False,False,False,False
34,False,False,False,False,False,False,0.1639137958156363,False,False,0.04491112159823816,False,False,False,False,False,False,False,False,False,False,False,0.053956268680195055,False,False,False,False,False,False,False,False,False,False,False,No_connection,False,False,False,False
35,False,False,False,False,False,False,0.06481044517854334,False,False,False,False,False,False,False,False,False,False,False,False,False,False,False,False,False,False,False,False,False,False,False,False,False,False,False,No_connection,False,False,False
36,False,False,False,False,False,False,False,0.0007865345288658171,False,False,False,False,0.006213622778039956,0.0007865345288658171,False,False,False,False,0.013607047349378638,False,False,False,False,False,False,False,False,False,False,False,False,False,False,False,False,No_connection,False,False
37,False,False,False,False,False,False,False,False,False,False,False,False,0.0015730690577316342,False,False,False,False,False,False,False,False,False,False,False,False,False,False,False,False,False,False,False,False,False,False,False,No_connection,False
38,False,False,False,False,False,False,False,False,False,False,False,False,False,0.0007865345288658171,False,False,False,False,False,False,False,False,False,False,False,False,False,False,False,False,False,False,0.019348749410099102,False,False,False,False,No_connection
