,1,2,3,4,5,6,7,8,9,10,11,12,13,14,15,16,17,18,19,20,21,22,23,24,25,26,27,28,29,30,31,32,33,34,35,36,37,38
1,No_connection,False,False,False,False,False,False,False,False,False,False,False,False,False,False,False,False,False,False,False,False,False,False,False,False,False,False,False,False,False,False,False,False,False,False,False,False,False
2,False,No_connection,False,False,False,False,False,False,False,False,0.0009175153683824203,False,False,False,False,False,False,False,False,False,False,False,False,False,False,False,0.025415175704193042,False,False,False,False,False,False,False,False,False,False,False
3,False,False,No_connection,False,False,False,False,False,False,False,False,False,False,False,False,False,False,False,False,False,False,False,0.02302963574639875,False,False,False,False,False,False,False,False,0.06413432424993118,False,False,False,False,False,False
4,False,False,False,No_connection,False,False,False,False,False,False,False,False,False,False,False,False,False,False,False,False,False,False,False,False,False,False,False,False,False,False,False,False,False,False,False,False,False,False
5,False,False,False,False,No_connection,False,False,False,False,False,False,False,False,False,False,False,0.028718231030369756,False,False,False,False,False,False,False,False,False,0.0046793283787503435,False,False,False,False,False,False,False,False,False,False,False
6,False,1.0,False,False,False,No_connection,False,False,False,False,False,False,False,False,False,False,False,False,False,False,False,False,False,False,False,False,False,False,False,False,False,False,False,False,False,False,False,False
7,False,False,False,False,False,False,No_connection,False,False,False,False,False,False,False,False,False,False,False,False,False,False,False,False,False,False,False,False,False,False,False,False,False,False,False,False,False,False,False
8,False,False,False,False,0.024405908798972382,False,False,No_connection,False,0.0013762730525736305,False,False,False,False,False,False,False,False,False,False,False,False,False,False,False,False,False,False,False,False,False,False,False,False,False,False,False,False
9,False,False,False,False,False,False,False,False,No_connection,False,False,False,False,False,False,False,False,False,False,False,False,False,False,False,False,False,False,False,False,False,False,False,False,False,False,False,False,False
10,False,False,False,False,False,False,False,False,False,No_connection,False,False,False,False,False,False,False,False,False,False,False,False,False,False,False,False,False,False,False,False,False,False,False,False,False,False,False,False
11,False,False,False,False,False,False,False,False,False,False,No_connection,False,False,False,False,False,False,False,False,False,False,False,False,False,False,False,False,False,False,False,False,False,False,False,False,False,False,False
12,False,False,False,False,False,False,False,False,False,False,False,No_connection,False,False,False,0.0016515276630883566,False,False,False,0.02936049178823745,False,False,False,False,False,False,False,False,False,False,False,False,False,False,False,False,False,False
13,False,False,False,False,False,False,False,False,False,False,False,False,No_connection,False,False,False,False,False,False,False,False,False,False,False,False,False,False,False,False,False,False,False,False,False,False,False,False,False
14,False,False,False,False,False,False,False,False,False,False,False,False,False,No_connection,False,False,False,False,False,False,0.003027800715661987,False,False,False,False,False,False,False,False,False,False,False,False,False,False,False,False,False
15,False,False,False,False,False,False,False,False,False,0.006697862189191668,False,False,0.0011927699788971465,False,No_connection,False,False,False,False,False,False,False,False,False,False,False,False,False,False,False,False,False,False,False,False,False,False,False
16,False,False,False,False,False,False,False,False,False,False,False,False,0.0014680245894118727,False,False,No_connection,False,False,False,False,0.0048628314524268275,False,False,False,False,False,False,False,False,False,False,False,False,False,False,False,False,False
17,False,False,False,False,False,False,False,False,False,False,False,False,False,False,False,False,No_connection,False,False,False,False,False,False,False,False,False,False,False,False,False,False,False,False,False,False,False,False,False
18,False,False,False,False,False,False,False,False,False,False,False,False,False,False,False,False,False,No_connection,False,False,False,False,False,False,False,False,False,False,False,False,False,False,False,False,False,False,False,False
19,False,False,0.04110468850353243,False,False,False,False,0.0009175153683824203,False,False,False,False,False,False,False,False,False,False,No_connection,False,False,False,False,False,0.09285255528030094,False,False,False,False,False,False,False,0.011468942104780253,False,False,False,False,False
20,False,False,False,False,False,False,False,False,False,False,False,False,False,False,False,False,False,False,False,No_connection,False,False,False,False,False,False,False,False,False,False,False,False,False,False,False,False,False,False
21,False,False,False,False,False,False,False,False,False,False,False,False,False,False,False,False,False,False,False,False,No_connection,False,False,False,0.19414625194972013,False,False,False,False,False,False,False,False,False,False,False,False,False
22,False,False,False,False,False,False,False,False,False,False,False,False,False,False,False,False,False,False,False,False,False,No_connection,False,False,False,False,False,False,False,False,False,0.01798330122029544,False,False,False,False,False,False
23,False,False,False,False,False,False,False,False,False,False,False,False,False,False,False,False,False,False,False,False,False,False,No_connection,False,False,False,False,False,False,False,0.0547756674924305,False,False,False,False,False,False,False
24,False,False,False,False,False,False,False,False,False,False,False,False,False,False,False,False,False,False,False,False,False,False,False,No_connection,False,False,False,False,False,False,False,False,False,False,False,False,False,False
25,0.7310762455271125,False,False,False,False,False,False,False,False,False,0.0009175153683824203,False,False,False,False,False,False,False,False,False,False,False,False,False,No_connection,0.14175612441508395,False,False,False,False,False,False,0.04523350766125332,False,False,False,False,False
26,False,False,False,False,False,False,False,False,0.0019267822736030828,False,False,False,False,False,False,False,0.006055601431323974,False,False,False,False,False,False,False,False,No_connection,False,False,False,False,False,False,False,False,False,False,False,False
27,False,False,False,False,False,False,False,False,False,False,False,False,False,False,False,False,False,False,False,False,False,False,False,False,False,False,No_connection,False,False,False,False,False,False,False,False,False,False,False
28,False,False,False,False,False,False,False,False,False,False,False,False,False,0.0009175153683824203,False,False,False,False,False,False,False,False,False,False,False,False,False,No_connection,False,False,False,False,False,False,False,False,False,False
29,False,False,False,False,False,False,0.03816863932470869,False,False,False,False,False,False,False,False,False,False,False,False,False,False,False,False,False,False,False,False,False,No_connection,False,False,False,False,False,False,False,False,False
30,False,False,False,False,False,False,False,False,False,False,False,False,False,False,False,False,False,False,False,False,False,False,False,False,False,False,False,False,False,No_connection,False,False,False,False,False,False,False,False
31,False,False,False,False,False,False,False,False,False,False,False,False,False,False,False,False,False,False,False,False,False,False,False,False,False,False,False,False,False,False,No_connection,0.05890448665015139,False,False,False,False,False,False
32,False,False,False,False,False,False,False,False,0.019543077346545555,False,False,False,False,False,False,False,False,0.04092118542985595,False,False,False,False,0.012478209010000916,False,False,False,False,False,False,False,False,No_connection,False,False,False,False,False,False
33,False,0.20313790255986786,False,False,False,False,False,False,False,False,False,False,0.012294705936324432,False,False,False,False,False,False,False,False,False,False,False,False,False,False,False,False,False,False,False,No_connection,False,False,False,False,False
34,False,False,False,False,False,False,0.1912102027708964,False,False,False,False,False,False,False,False,False,False,False,False,False,False,False,False,False,False,False,False,False,False,False,False,False,False,No_connection,False,False,False,False
35,False,False,False,False,False,False,False,False,False,False,False,False,False,False,False,False,False,False,False,False,False,False,False,False,False,False,False,False,False,False,False,False,False,False,No_connection,False,False,False
36,False,False,False,False,False,False,False,False,False,False,False,False,0.007248371410221121,False,False,False,False,False,False,False,False,False,False,False,False,False,False,False,False,False,False,False,False,False,False,No_connection,False,False
37,False,False,False,False,False,False,False,False,False,False,False,False,0.0018350307367648406,False,False,False,False,False,False,False,False,False,False,False,False,False,False,False,False,False,False,False,False,False,False,False,No_connection,False
38,False,False,False,False,False,False,False,False,False,False,False,False,False,0.0009175153683824203,False,False,False,False,False,False,False,False,False,False,False,False,False,False,False,False,False,False,0.02257087806220754,False,False,False,False,No_connection
