,1,2,3,4,5,6,7,8,9,10,11,12,13,14,15,16,17,18,19,20,21,22,23,24,25,26,27,28,29,30,31,32,33,34,35,36,37,38
1,No_connection,False,False,False,0.1682251863103432,False,False,False,0.02696159870888119,False,False,False,0.023021787629942565,False,False,False,False,False,False,False,False,False,False,False,0.31570702995205774,0.013765604974604833,0.008971377035173493,0.0360279109507761,False,0.05653391560260123,False,False,False,0.0457587696397209,0.02544263540133859,False,False,0.05112260881948071
2,False,No_connection,False,False,False,0.3837281055679499,False,0.0004746760336070632,False,False,False,False,False,False,False,False,False,False,False,False,False,0.049935918735463054,False,0.02259457919969621,False,False,False,0.053116248160630375,False,False,False,0.04514169079603171,False,0.06403379693359283,False,False,0.00930365025869844,0.07922343000901885
3,False,False,No_connection,False,False,False,False,False,False,False,False,0.01585417952247591,False,0.0004746760336070632,0.11468172971946647,False,False,False,0.03374946598946219,False,0.052024493283334125,0.03707219822471163,False,False,False,0.012958655717472825,0.010158067119191152,False,False,0.06270470403949305,False,False,False,0.04822708501447762,False,False,False,False
4,0.5802914510846348,1.0,False,No_connection,False,0.4693596620306641,False,False,False,False,False,0.02268951440641762,False,0.0004746760336070632,False,False,0.07893862438885461,False,0.07385959082925904,0.28556510181800926,0.09071059002230977,False,False,False,0.4181895856078227,0.02544263540133859,0.017135804813214982,0.05112260881948071,False,0.1431622917358903,False,False,False,False,False,False,0.01030046992927327,0.09488773911805194
5,False,0.1989841932880809,False,0.14790905207196092,No_connection,False,0.07533108653344092,False,False,False,False,False,False,0.0004746760336070632,False,False,0.01485735985190108,0.022262305976171265,False,0.07908102719893673,False,0.011771965633455167,0.007262543314188068,False,False,False,False,0.010537807946076803,False,0.02710400151896331,False,False,False,0.02169269473584279,False,False,False,False
6,False,False,False,False,0.16053543456590877,No_connection,False,False,False,False,False,False,False,0.0004746760336070632,False,0.005601177196563346,False,0.06237243081596811,False,0.17373142830018515,False,False,False,0.00878150662173067,False,0.010015664309109034,False,False,0.04822708501447762,0.05154981724972706,False,False,0.03446148003987279,False,False,False,False,0.06298950965965729
7,False,0.5657188968528979,False,False,0.1801870223572412,False,No_connection,False,False,False,False,0.016993402003132863,False,0.0004746760336070632,False,False,0.03436654483315138,False,False,False,False,False,False,0.012721317700669295,False,0.013908007784686953,False,0.029240043670195094,False,False,False,False,False,False,False,0.026391987468552716,0.004604357525988513,False
8,False,False,False,False,False,False,False,No_connection,False,False,False,False,False,False,False,0.0009493520672141264,0.010917548772962454,0.014952295058622491,False,0.02995205772060569,False,False,0.0004746760336070632,0.0008544168604927139,False,False,0.0007594816537713012,False,0.008259362984762899,0.008116960174680781,False,False,0.00916124744861632,0.0024208477713960224,0.002990459011724498,False,False,False
9,0.09427066027436275,0.13931741586367305,False,False,False,False,False,False,No_connection,False,0.0004746760336070632,False,0.001471495704181896,False,False,False,False,False,False,0.046091042863245835,False,False,False,False,False,False,False,False,0.020221199031660895,0.029904590117244983,False,False,0.004034746285660038,False,0.01485735985190108,False,False,False
10,False,False,0.0045094223192671005,0.006218256040252528,False,False,0.0027531209949209668,0.0004746760336070632,0.0004746760336070632,No_connection,False,0.0008544168604927139,False,False,False,0.0004746760336070632,0.0004746760336070632,False,False,False,False,False,False,0.0009493520672141264,False,0.0010917548772962453,False,False,False,False,False,False,False,0.0009493520672141264,False,False,0.0006170788436891822,0.0018037689277068402
11,0.016993402003132863,False,False,0.021740162339203496,False,False,False,0.0004746760336070632,False,False,No_connection,False,False,False,0.005696112403284759,False,False,False,0.004272084302463569,0.0120093036502587,False,False,False,False,False,False,False,False,False,0.005601177196563346,False,0.0026107181848388475,False,False,False,False,False,False
12,0.016708596382968628,False,False,False,False,False,False,False,False,False,0.0004746760336070632,No_connection,False,False,False,False,False,0.00607585323017041,False,False,False,False,False,0.0007120140504105948,0.028100821189538144,False,False,0.0037974082688565056,False,False,False,0.002373380168035316,False,False,False,False,False,False
13,0.0004746760336070632,False,False,False,0.0004746760336070632,0.0004746760336070632,0.0004746760336070632,False,False,False,0.0004746760336070632,0.0004746760336070632,No_connection,False,False,False,False,False,False,False,0.0004746760336070632,False,False,False,False,0.0004746760336070632,0.0004746760336070632,0.0004746760336070632,False,False,False,False,0.0004746760336070632,False,False,False,False,0.0004746760336070632
14,False,False,False,False,False,False,False,0.0004746760336070632,False,False,False,False,False,No_connection,False,False,False,False,0.0006170788436891822,False,False,False,0.0004746760336070632,False,0.005363839179759815,False,False,False,0.0004746760336070632,0.0021360421512317844,0.0016613661176247212,False,False,False,0.0006170788436891822,False,False,False
15,False,False,False,False,False,False,False,0.0004746760336070632,False,False,False,False,False,False,No_connection,False,False,0.0004746760336070632,False,False,0.005458774386481227,False,False,False,False,False,0.0010917548772962453,0.002990459011724498,False,False,0.005696112403284759,False,False,0.0033227322352494424,0.002278444961313903,False,False,False
16,0.008259362984762899,0.013860540181326245,False,False,0.005363839179759815,0.005268903973038402,False,0.0004746760336070632,False,False,False,False,False,False,False,No_connection,False,False,False,0.00645559405705606,False,False,False,0.0004746760336070632,False,False,False,False,False,False,0.005363839179759815,False,0.001471495704181896,False,False,False,False,0.0020885745478710785
17,False,False,0.027531209949209667,0.040822138890207436,False,False,0.010205534722551859,0.0004746760336070632,0.0004746760336070632,False,False,0.0017088337209854277,False,False,0.0004746760336070632,0.0007594816537713012,No_connection,False,False,False,0.007262543314188068,0.005363839179759815,False,False,False,False,0.0014240281008211896,False,False,0.009968196705748328,False,False,0.0016613661176247212,False,False,False,False,0.0055062419898419335
18,False,False,0.09578962358190536,False,0.06493568139744625,False,False,False,0.005601177196563346,False,0.0004746760336070632,False,False,False,False,False,0.005458774386481227,No_connection,False,0.0968813784592016,False,False,0.0006170788436891822,False,False,0.015806711919115205,False,False,False,False,False,0.019556652584611006,False,False,False,0.01984145820477524,False,False
19,False,False,False,False,False,False,False,0.0004746760336070632,False,0.005268903973038402,False,False,False,False,0.016518725969525798,False,False,False,No_connection,0.04632838088004937,False,False,False,False,False,False,False,False,False,0.01509469786870461,False,0.006265723643613234,0.00593345042008829,0.01314852613091565,False,False,0.0026581857881995538,False
20,False,False,0.0004746760336070632,False,0.0120093036502587,False,False,0.0004746760336070632,False,False,False,0.0007120140504105948,0.0021835097545924906,False,False,False,0.0033227322352494424,False,False,No_connection,False,False,False,False,False,0.0004746760336070632,False,False,0.00607585323017041,False,0.02553757060806,False,0.00607585323017041,0.004556889922627806,0.0028955238050030856,False,False,0.015806711919115205
21,False,False,False,False,False,False,False,False,False,0.01533203588550814,0.0004746760336070632,False,False,False,False,0.003512602648692268,0.0210281482887929,False,False,False,No_connection,False,False,False,0.10044144871125457,False,0.003512602648692268,False,0.029382446480277213,False,False,0.01419281340485119,False,False,False,0.00892390943181279,False,False
22,0.040822138890207436,0.0720558219015522,0.02544263540133859,False,False,0.04243603740447145,False,False,False,0.008828974225091376,False,False,False,False,0.024825556557649404,False,False,False,False,False,0.021645227132482084,No_connection,False,False,0.06474581098400342,False,0.0024208477713960224,0.008876441828452082,0.015142165472065316,False,0.04253097261119286,0.00930365025869844,False,0.017135804813214982,False,False,0.0026581857881995538,False
23,False,False,0.027009066312241897,False,False,0.052024493283334125,False,0.0004746760336070632,False,False,False,False,False,False,False,False,False,False,0.008259362984762899,False,False,0.01784781886362558,No_connection,0.002990459011724498,0.07461907248303033,False,False,False,False,False,0.028338159206341675,False,0.008591636208287845,False,False,False,0.0027531209949209668,0.026249584658470593
24,0.014145345801490483,0.024350880524042343,False,0.0210281482887929,0.00645559405705606,False,False,False,0.0004746760336070632,0.00465182512934922,False,False,False,False,0.0004746760336070632,False,False,0.0007120140504105948,False,False,False,0.0027531209949209668,0.0004746760336070632,No_connection,False,False,0.0016613661176247212,False,False,False,False,False,0.0004746760336070632,False,False,0.00322779702852803,0.0008544168604927139,False
25,0.37822186357810794,0.584943276213984,0.3887596715241848,False,False,False,0.13471305833768454,False,False,False,False,False,False,False,False,0.008686571415009257,False,False,False,False,0.10874827929937818,0.07751459628803344,0.014952295058622491,False,No_connection,False,False,False,False,False,0.10020411069445104,False,0.023401528456828215,False,False,False,False,False
26,0.11610575782028766,False,False,0.1765794845018275,0.04836948782455974,False,0.043860065505292645,0.0004746760336070632,False,False,False,False,False,False,False,False,0.003132861821806617,False,False,False,0.03132861821806617,False,0.002041106944510372,False,0.19917406370152374,No_connection,False,0.0262970522618313,0.023638866473631746,False,0.02905017325675227,False,0.013433331751079889,False,False,False,False,False
27,False,False,0.016044049935918736,False,False,0.01585417952247591,False,False,False,False,0.0004746760336070632,0.0015664309109033085,False,False,0.004177149095742157,False,0.0017088337209854277,False,False,False,False,False,False,False,False,False,No_connection,False,False,0.00892390943181279,False,False,False,False,False,False,False,False
28,0.06427113495039637,False,False,False,False,0.05520482270850145,False,0.0004746760336070632,0.011439692409930225,0.012626382493947883,0.0004746760336070632,False,False,False,False,False,False,0.020553472255185837,False,False,False,0.011914368443537288,False,0.006692932073859592,False,False,False,No_connection,False,False,0.05510988750178004,False,0.012626382493947883,False,False,0.008354298191484314,False,0.019983861014857364
29,False,0.06294204205629658,False,False,0.017230740019936394,False,False,0.0004746760336070632,False,False,False,False,False,False,False,False,False,0.022262305976171265,0.003939811078938625,False,0.013006123320833531,False,False,False,0.09109033084919543,False,False,False,No_connection,False,0.016186452746000855,0.011582095220012342,0.010205534722551859,0.005648644799924053,False,False,0.003702473062135093,False
30,False,False,False,False,0.062230028005885986,0.050268191958988,0.05045806237243082,False,False,0.028148288792898848,False,False,0.006692932073859592,False,False,False,False,False,0.026771728295438366,0.1231784307210329,False,0.01870223572411829,False,False,False,0.009398585465419853,False,False,0.023069255233303273,No_connection,False,0.017373142830018513,0.017942754070346987,False,0.016566193572886505,0.0074998813309915995,False,False
31,False,0.19760763279062044,0.08453980158541796,False,False,False,False,0.0004746760336070632,False,0.02425594531732093,False,False,False,0.0004746760336070632,False,0.004461954715906395,False,False,False,False,0.04419233872881758,False,False,False,0.19395262733184604,False,False,False,0.035220961693644096,0.05662885080932264,No_connection,False,0.018892106137561114,False,0.025062894574452935,False,False,False
32,False,False,0.04846442303128115,False,False,0.05444534105473015,0.0405848008734039,0.0004746760336070632,0.010110599515830447,False,False,False,False,False,0.020838277875350076,0.002515782978117435,False,False,0.010917548772962454,False,0.025585038211420708,False,False,0.005601177196563346,0.10314710210281484,0.00892390943181279,0.004556889922627806,False,False,0.03218303507855889,False,No_connection,False,False,False,0.013480799354440595,False,0.025632505814781412
33,False,False,False,False,False,False,False,False,False,False,False,False,False,0.0004746760336070632,0.020411069445103718,False,False,0.01215170646034082,False,False,0.017040869606493567,False,0.0033227322352494424,0.0055062419898419335,0.07172354867802724,False,False,False,False,False,False,0.015142165472065316,No_connection,0.020506004651825133,False,False,False,False
34,0.1216594674134903,False,False,False,False,False,False,False,0.03692979541462952,False,False,0.01561684150567238,False,False,False,False,False,False,False,False,False,False,False,0.012721317700669295,False,False,0.008116960174680781,False,False,0.13366877106374903,0.2035885508140694,0.032562775905444534,False,No_connection,False,0.01960412018797171,0.002041106944510372,False
35,False,False,False,False,0.032325437888641,False,0.03911330516922201,0.0004746760336070632,False,False,0.0004746760336070632,False,0.003132861821806617,False,False,False,0.005268903973038402,0.017942754070346987,0.013860540181326245,0.06279963924621447,0.0322305026819196,False,False,False,False,False,False,False,False,False,False,0.01855983291403617,0.009398585465419853,0.019793990601414537,No_connection,0.01642379076280439,False,False
36,False,False,False,False,False,False,False,0.0004746760336070632,False,False,0.0004746760336070632,False,False,False,False,0.0007594816537713012,0.006313191246973941,0.011534627616651636,False,False,False,False,False,False,False,0.0004746760336070632,False,0.006360658850334647,0.011582095220012342,False,False,False,False,False,False,No_connection,False,False
37,False,False,False,0.016186452746000855,False,False,0.005743580006645464,0.0004746760336070632,False,0.0014240281008211896,0.0004746760336070632,0.0005221436369677696,False,0.0004746760336070632,False,False,False,False,False,False,False,False,0.0004746760336070632,False,0.012958655717472825,0.0021360421512317844,False,False,0.003844875872217212,False,False,False,False,False,0.0026581857881995538,False,No_connection,0.0028480562016423793
38,0.05278397493710543,False,False,0.05349598898751603,False,False,False,False,False,False,False,False,False,0.0004746760336070632,0.02079081027198937,False,0.008211895381402195,0.01846489770731476,False,False,False,False,False,False,0.05776807328997959,False,False,False,False,False,False,0.011914368443537288,0.011677030426733756,False,False,False,False,No_connection
