,1,2,3,4,5,6,7,8,9,10,11,12,13,14,15,16,17,18,19,20,21,22,23,24,25,26,27,28,29,30,31,32,33,34,35,36,37,38
1,No_connection,1.0,False,0.6306464602093856,False,0.39907753129804524,0.3159089245186324,False,False,False,False,False,False,False,0.1361007394391976,False,0.05937477121311955,False,0.04919833077092027,0.2799619298630939,False,False,False,False,False,False,False,False,False,False,False,False,False,0.07057617687971302,False,False,False,False
2,False,No_connection,False,False,0.39702760084925687,False,False,False,0.05483563950508822,False,0.0007321180174244087,False,False,False,False,False,False,False,0.07401713156160772,0.37418551870561534,False,False,0.028552602679551942,False,False,False,0.02027966908265612,0.08192400614979134,False,False,False,False,False,False,False,0.040339702760084924,False,False
3,False,False,No_connection,False,0.28303682553627646,False,False,False,False,False,False,False,False,False,False,False,0.07511530858774433,0.11647997657222343,False,False,0.0802401347097152,False,False,False,False,False,False,False,False,False,0.17168167508602386,False,False,False,False,False,False,False
4,False,False,False,No_connection,False,False,False,0.0007321180174244087,False,False,False,False,False,False,False,False,False,0.21787832198550405,0.113917563511238,False,False,False,False,False,0.6449959733509041,False,False,0.07884911047660882,False,False,False,False,False,False,0.07226004831978915,False,False,False
5,False,False,0.1063767479317666,False,No_connection,False,False,False,False,False,False,0.00497840251848598,False,False,False,False,False,False,0.0232813529540962,False,False,0.018156526832125337,False,False,False,False,False,False,False,False,False,False,False,False,False,False,False,False
6,0.46665202430631814,False,0.2795226590526393,False,0.24760231349293504,No_connection,False,False,False,False,False,False,False,False,False,False,False,0.09620030748956732,False,False,False,False,0.01998682187568636,0.013544183322351562,0.3597627937623544,0.015447690167655025,False,False,False,False,False,False,False,False,False,0.034629182224174535,False,0.09715206091221903
7,False,False,False,False,False,False,No_connection,False,False,False,False,0.02620982502379383,False,False,False,False,False,False,0.05095541401273885,False,False,False,False,False,False,0.021451057910535178,False,False,False,False,0.21612123874368547,False,False,False,False,0.04070576176879713,False,0.11486931693388974
8,False,False,False,False,False,False,0.02620982502379383,No_connection,False,False,0.0007321180174244087,0.0010981770261366132,False,False,False,False,False,False,False,False,False,False,False,0.001317812431363936,False,0.0009517534226517314,False,False,0.012738853503184712,False,0.03777728969909949,False,0.01412987773629109,0.0037338018888644843,False,False,False,False
9,False,0.21487663811406396,False,False,False,False,False,False,No_connection,False,False,False,False,0.0007321180174244087,False,0.0027820484662127534,False,False,0.012665641701442272,0.07108865949191008,False,False,False,False,0.17307269931913025,0.019254703858261953,False,False,False,0.04612343509773775,False,False,False,0.03030968592137052,False,0.03155428655099202,0.005198037923713302,False
10,False,False,False,False,False,False,False,0.0007321180174244087,False,No_connection,False,False,False,False,0.0007321180174244087,0.0007321180174244087,False,False,0.001317812431363936,False,False,False,False,0.0014642360348488175,0.00915147521780511,False,False,False,0.0014642360348488175,False,0.0024159894575005486,False,0.0007321180174244087,False,False,False,0.0009517534226517314,False
11,False,0.043048539424555235,False,False,False,False,0.015447690167655025,False,False,False,No_connection,0.0014642360348488175,False,False,False,False,False,False,False,False,False,False,0.0007321180174244087,False,False,0.006442638553334798,0.001317812431363936,False,False,False,False,False,0.0007321180174244087,False,False,0.00336774288015228,False,0.005710520535910388
12,False,False,0.014495936745003294,False,False,0.016985138004246284,False,False,False,False,False,No_connection,False,False,False,False,0.005198037923713302,False,False,False,False,False,False,False,False,False,0.001317812431363936,False,False,False,0.015447690167655025,False,False,False,False,False,False,False
13,False,False,0.0007321180174244087,False,False,False,False,False,False,0.0007321180174244087,False,0.0007321180174244087,No_connection,False,False,False,0.0007321180174244087,False,False,False,False,0.0007321180174244087,False,False,False,False,False,False,False,0.0007321180174244087,False,False,False,False,False,False,False,0.0007321180174244087
14,False,False,False,False,False,False,False,False,False,0.0010981770261366132,False,False,0.0007321180174244087,No_connection,False,False,False,False,False,False,False,False,0.0007321180174244087,False,False,False,0.0010981770261366132,False,False,False,False,False,False,False,False,0.001317812431363936,0.0009517534226517314,False
15,False,False,False,False,False,False,False,False,False,0.0053444615271981835,False,False,False,False,No_connection,False,False,0.0007321180174244087,0.003660590087122044,False,False,False,False,0.006955121165531883,0.025624130609854308,0.005710520535910388,0.00168387144007614,False,False,False,False,False,False,False,0.003514166483637162,0.003660590087122044,0.0010981770261366132,False
16,False,0.021377846108792734,0.008492569002123142,False,False,0.008126509993410937,0.00585694413939527,False,False,False,False,False,False,False,False,No_connection,False,False,False,False,0.0038802254923493663,0.0034409546818947212,False,False,False,False,False,False,False,False,False,False,False,False,False,False,False,False
17,False,False,False,0.06296214949849915,False,0.024745588988945015,False,0.0007321180174244087,False,False,False,False,False,False,0.0007321180174244087,0.0011713888278790541,No_connection,False,False,False,False,False,False,False,False,False,False,False,False,False,False,False,False,0.008126509993410937,False,False,0.0010981770261366132,False
18,False,0.22812797422944578,False,0.2450399004319496,False,False,False,False,False,False,False,0.011201405666593455,False,False,False,0.007028332967274324,0.0084193572003807,No_connection,False,False,0.05029650779705688,False,0.0009517534226517314,False,0.15696610293579324,0.02437952998023281,False,0.030602533128340284,0.030456109524855404,False,False,False,False,False,0.024745588988945015,False,False,False
19,False,False,False,False,0.02906508529174903,0.034629182224174535,False,False,0.011787100080532981,False,False,False,False,False,0.025477707006369425,False,False,False,No_connection,False,False,False,False,False,False,0.0025624130609854306,False,False,False,False,False,False,False,False,False,False,0.004099860897576689,False
20,False,False,False,False,False,False,False,0.0007321180174244087,False,False,0.0007321180174244087,0.0010981770261366132,0.00336774288015228,False,0.024013470971520606,False,False,False,False,No_connection,False,False,False,False,False,0.0007321180174244087,False,False,False,False,0.03938794933743319,0.003514166483637162,False,False,0.004465919906288893,False,False,False
21,False,False,False,False,False,False,0.1006662273958562,0.0007321180174244087,False,0.023647411962808403,False,False,False,False,False,0.005417673328940625,False,False,False,False,No_connection,0.03411669961197745,False,0.009444322424774873,False,False,False,0.02437952998023281,False,False,False,False,False,False,False,False,False,False
22,0.06296214949849915,False,False,0.08258291236547331,False,False,0.05483563950508822,False,0.01574053737462479,False,0.0007321180174244087,False,False,False,False,False,False,False,False,0.09114869316933889,0.03338458159455304,No_connection,False,False,False,0.00585694413939527,False,False,False,False,0.06559777436122702,False,False,False,False,False,False,0.03938794933743319
23,False,False,False,False,0.03894867852697855,False,False,False,False,False,False,0.0030016838714400757,0.005417673328940625,False,False,False,0.007174756570759206,False,False,False,False,False,No_connection,False,0.11508895233911705,False,False,False,False,False,False,False,False,False,0.01603338458159455,False,False,False
24,0.02181711691924738,False,False,False,False,0.013544183322351562,False,False,False,False,False,False,False,False,0.0007321180174244087,False,False,False,False,False,False,False,False,No_connection,False,0.0084193572003807,False,0.0038802254923493663,False,False,False,False,False,False,False,False,False,False
25,False,0.9021890328720988,False,False,0.24423457061278278,False,False,False,False,False,False,False,False,False,0.2634160626693023,False,False,False,False,False,False,False,False,False,No_connection,False,False,0.12577787539351343,False,False,0.1545501134782927,0.14027381213851672,0.036093418259023353,False,0.08170437074456402,False,0.01910828025477707,False
26,0.17907606706201037,False,0.17702613661322206,0.27234790248188007,0.07460282597554725,False,False,False,False,False,False,False,False,0.0007321180174244087,False,False,False,False,False,0.08953803353100519,False,False,False,False,False,No_connection,False,False,False,False,False,False,False,False,False,0.03777728969909949,False,False
27,False,False,False,False,False,False,False,False,False,False,0.0007321180174244087,False,0.001830295043561022,False,False,0.0007321180174244087,0.002635624862727872,False,False,False,False,False,False,0.004758767113258657,False,False,No_connection,False,False,False,False,False,False,False,False,False,False,0.007247968372501647
28,False,False,False,False,False,False,False,0.0007321180174244087,False,False,False,0.007174756570759206,False,False,False,False,False,False,False,False,False,0.01837616223735266,0.014495936745003294,False,False,False,False,No_connection,False,False,False,False,False,False,0.018595797642579983,0.012885277106669596,False,False
29,False,0.0970788491104766,False,False,False,False,False,0.0007321180174244087,False,False,False,False,False,False,False,False,False,False,False,False,False,False,False,False,0.14049344754374404,False,False,False,No_connection,False,0.02496522439417234,0.017863679625155574,False,False,False,False,False,0.012153159089245186
30,False,False,0.06523171535251482,False,0.09598067208433998,0.07753129804524489,False,False,False,False,False,False,False,False,False,False,False,False,0.041291456182736656,False,False,False,0.0009517534226517314,False,0.17102276887034187,0.014495936745003294,False,False,False,No_connection,False,0.02679551943773336,False,False,0.025550918808111864,False,False,False
31,0.18207775093345044,False,False,0.24342924079361591,False,False,False,False,False,0.037411230690387286,False,False,False,False,False,False,False,0.06691558679259096,False,False,0.06816018742221246,False,False,False,False,False,0.009810381433487078,False,False,False,No_connection,False,False,False,False,False,False,0.06376747931766599
32,0.10337506406032651,False,0.07474924957903213,False,False,False,False,False,False,False,False,False,0.009444322424774873,False,False,False,False,False,0.0168387144007614,False,False,0.02467237718720258,0.00995680503697196,False,False,False,False,False,False,False,False,No_connection,False,False,0.0232813529540962,False,False,False
33,False,False,False,False,False,False,False,False,False,False,False,False,False,False,False,0.0037338018888644843,False,False,False,False,0.026283036825536274,False,0.005124826121970861,False,False,False,0.006149791346365034,False,False,False,False,False,No_connection,False,False,False,False,False
34,False,False,False,0.2843546379676403,False,False,False,False,False,False,False,False,0.027893696463869976,0.0007321180174244087,False,False,0.0750420967860019,0.1063767479317666,False,0.41847865875979207,False,False,False,False,False,False,0.01251921809795739,False,False,False,False,False,False,No_connection,False,False,False,False
35,0.10703565414744855,False,False,False,False,False,False,False,False,0.023793835566293286,False,False,0.004831978915001097,False,False,False,0.008126509993410937,False,False,False,False,False,False,False,False,False,False,0.021524269712277617,False,False,False,0.028625814481294382,False,False,No_connection,False,False,False
36,False,False,False,False,False,False,False,False,False,False,False,False,False,False,False,False,0.009737169631744638,False,0.012665641701442272,False,False,False,False,False,0.04509846987334358,False,False,False,False,False,False,0.009590746028259755,False,False,0.010249652243941722,No_connection,False,False
37,False,False,False,False,0.00922468701954755,False,False,False,0.00497840251848598,False,False,False,0.0014642360348488175,0.0007321180174244087,False,False,0.0031481074749249577,False,0.004612343509773775,False,False,False,False,False,False,False,False,False,False,0.008053298191668496,0.011787100080532981,False,False,False,0.004099860897576689,False,No_connection,0.004392708104546453
38,0.08141152353759426,False,False,False,False,False,False,0.0007321180174244087,False,False,False,0.004685555311516217,False,False,False,False,False,0.0284793908778095,False,0.07775093345047221,False,False,False,False,0.08909876272055055,False,False,0.013617395124094003,False,False,False,0.01837616223735266,False,False,False,False,False,No_connection
