,1,2,3,4,5,6,7,8,9,10,11,12,13,14,15,16,17,18,19,20,21,22,23,24,25,26,27,28,29,30,31,32,33,34,35,36,37,38
1,No_connection,False,False,False,False,False,False,False,False,0.06110029211295034,False,0.03075300227198961,False,False,False,0.009818240830899059,False,False,False,False,False,0.058179162609542354,False,0.01712106458941902,False,False,0.015335929892891917,False,False,False,False,False,0.06028886725089256,0.07822135670236936,False,0.03075300227198961,False,False
2,False,No_connection,False,False,0.4400357026939305,0.655955858487504,False,False,0.06077572216812723,False,False,False,False,False,0.45950989938331704,False,0.08722817267121064,False,False,0.414719246997728,False,0.08536189548847777,0.03164556962025316,False,False,False,0.02247646867900032,False,False,0.15806556312885425,0.2676890619928594,0.07716650438169424,False,False,False,False,False,False
3,False,False,No_connection,False,False,False,0.3715514443362544,False,False,0.050632911392405056,False,False,False,0.0008114248620577734,0.19604024667315806,False,0.08325219084712754,False,False,False,0.08893216488153195,False,False,False,False,False,False,False,False,False,False,False,False,False,0.0476306394027913,False,0.011035378123985718,False
4,False,False,False,No_connection,False,False,False,False,False,False,False,False,False,False,0.5289678675754624,False,False,False,False,False,False,0.10759493670886075,False,False,False,False,False,False,False,False,False,False,False,0.13591366439467703,False,0.06053229470950989,0.01760791950665368,0.1622038299253489
5,False,False,False,0.25283998701720223,No_connection,False,False,False,False,0.017283349561830575,False,False,False,0.0008114248620577734,False,False,False,0.03805582603050957,0.025803310613437193,False,0.03951639078221356,False,False,0.006329113924050632,0.14987017202207073,False,False,False,False,False,False,False,False,False,False,False,False,False
6,False,False,False,False,False,No_connection,False,False,False,0.044060370009737095,False,False,False,False,False,False,False,False,False,False,0.07854592664719247,False,0.022151898734177215,False,False,False,False,False,0.08244076598506977,False,0.2283349561830574,False,False,False,False,False,0.01127880558260305,False
7,0.5536351833820188,False,False,False,False,0.5245050308341447,No_connection,False,False,0.06053229470950989,False,False,False,False,0.13980850373255435,False,False,False,False,0.28578383641674776,False,False,False,0.021746186303148327,0.3878610840636157,False,False,False,False,False,0.23953261927945468,False,False,False,0.058747160012982795,False,0.007870821161960402,False
8,False,False,0.0010548523206751054,False,0.021583901330736774,False,False,No_connection,False,0.00121713729308666,False,False,False,False,0.04040895813047711,False,False,False,False,0.051200908795845504,False,False,False,0.0014605647517039922,0.03716325868224602,False,False,False,False,False,False,0.006004543979227523,False,0.004138266796494644,False,False,0.0008114248620577734,False
9,False,False,False,False,0.061587147030185,False,False,0.0008114248620577734,No_connection,0.04040895813047711,False,0.006329113924050632,False,0.0008114248620577734,0.0008114248620577734,0.0030834144758195388,False,False,0.014037650113599481,False,False,0.04170723790976955,False,0.01712106458941902,False,0.02134047387211944,False,False,False,False,False,False,0.006897111327491074,False,False,False,False,False
10,False,False,False,False,False,False,0.004706264199935086,False,False,No_connection,0.0008114248620577734,False,False,False,False,False,False,False,0.0014605647517039922,0.0008114248620577734,0.0037325543654657574,False,False,False,False,False,False,False,False,0.0032456994482310936,False,False,False,False,False,False,0.0010548523206751054,False
11,False,False,False,False,False,0.012009087958455046,False,False,False,False,No_connection,False,False,False,0.00973709834469328,0.0008114248620577734,False,0.0008114248620577734,False,False,0.006897111327491074,False,0.0008114248620577734,False,False,False,False,False,False,False,False,False,False,False,0.002677702044790652,False,0.00121713729308666,0.006329113924050632
12,False,False,False,False,False,False,False,False,False,False,False,No_connection,False,False,False,False,False,False,False,False,0.009250243427458617,False,False,0.00121713729308666,0.048036351833820184,False,False,False,0.009980525803310613,0.009006815968841285,False,False,False,False,False,False,False,False
13,False,False,False,0.0008114248620577734,False,False,False,0.0008114248620577734,0.0008114248620577734,0.0008114248620577734,False,False,No_connection,False,False,False,False,False,False,False,0.0008114248620577734,0.0008114248620577734,False,False,False,False,False,False,False,False,False,0.0008114248620577734,False,False,False,False,False,False
14,0.00795196364816618,False,False,False,False,False,False,False,False,False,0.0008114248620577734,False,0.0008114248620577734,No_connection,False,False,False,False,False,0.0008114248620577734,0.002677702044790652,False,False,False,False,False,False,False,0.0008114248620577734,False,False,False,False,False,0.0010548523206751054,False,False,0.0022719896137617652
15,False,0.05014605647517039,False,False,False,False,False,False,0.0008114248620577734,False,0.0008114248620577734,False,False,False,No_connection,False,False,0.0008114248620577734,False,False,False,False,False,False,False,False,False,False,False,False,False,0.004706264199935086,False,False,False,False,False,False
16,0.014118792599805256,False,False,False,False,False,False,0.0008114248620577734,0.0010548523206751054,False,0.0008114248620577734,0.0008114248620577734,False,False,0.0103862382343395,No_connection,False,0.005517689061992859,False,False,False,False,False,False,False,False,False,False,False,0.004300551768906199,False,False,False,False,False,False,False,False
17,0.044871794871794865,False,0.047062641999350854,False,False,0.027426160337552737,False,False,0.0008114248620577734,False,0.0008114248620577734,0.0029211295034079843,0.0014605647517039922,False,False,False,No_connection,False,False,False,0.012414800389483933,False,False,False,False,False,False,False,False,False,False,0.00795196364816618,False,False,False,0.00973709834469328,False,0.009412528399870172
18,False,False,False,False,False,False,False,False,False,False,False,0.012414800389483933,0.009006815968841285,False,0.04000324569944823,False,False,No_connection,False,False,False,0.03359298928919182,False,False,False,False,False,False,False,False,False,False,False,False,False,False,False,False
19,False,False,0.036351833820188244,0.07887049659201557,False,False,False,False,False,False,False,False,0.0057611165206101905,False,False,False,False,False,No_connection,False,False,False,False,False,0.08211619604024667,False,False,False,0.017202207075624795,False,0.034647841609866926,False,False,0.02247646867900032,False,False,False,False
20,False,False,False,False,False,False,False,False,False,False,False,False,0.0037325543654657574,False,False,False,False,0.010954235637779941,False,No_connection,False,0.0049496916585524174,False,False,False,False,False,0.004300551768906199,False,False,False,False,False,False,False,False,False,False
21,False,False,False,False,False,0.11035378123985719,False,False,False,False,False,False,0.017770204479065237,False,False,0.006004543979227523,False,False,False,False,No_connection,0.03781239857189224,False,False,False,False,0.006004543979227523,False,False,False,0.11075949367088607,False,False,False,False,False,False,False
22,0.06978253813696851,False,False,False,0.05201233365790327,0.07254138266796495,0.06077572216812723,False,False,False,False,False,0.009006815968841285,False,False,False,False,False,False,0.10102239532619278,False,No_connection,False,False,False,False,False,False,0.02588445309964297,False,0.07270366764037649,False,False,False,False,False,False,0.043654657578708206
23,False,False,False,False,False,False,False,False,False,False,False,False,False,False,0.0339987017202207,False,False,False,0.014118792599805256,0.06661798117494319,False,False,No_connection,False,False,False,False,0.010467380720545276,False,0.03878610840636157,False,0.017770204479065237,False,0.018987341772151896,False,False,0.004706264199935086,False
24,False,0.04162609542356377,False,False,False,0.015011359948068808,False,False,False,False,False,False,False,False,False,False,False,False,False,False,False,0.004706264199935086,False,No_connection,False,False,False,0.004300551768906199,False,False,False,False,False,0.005517689061992859,False,False,0.0014605647517039922,False
25,False,False,False,1.0,False,False,False,0.0008114248620577734,0.0008114248620577734,False,False,False,False,False,False,False,False,False,False,False,False,False,0.02555988315481986,False,No_connection,False,False,0.13940279130152547,False,False,0.17129178838039597,False,0.04000324569944823,False,False,False,False,False
26,0.19847452125933138,0.31126257708536187,0.1962025316455696,False,False,False,False,False,0.0017039922103213243,False,False,False,False,False,False,0.0045439792275235305,False,False,False,False,False,False,False,False,False,No_connection,False,0.04495293735800064,False,False,False,False,False,0.03846153846153846,False,0.041869522882181105,False,False
27,False,False,False,False,False,False,False,False,0.0008114248620577734,False,False,False,False,False,0.007140538786108407,False,False,False,False,0.012090230444660824,False,False,0.0008114248620577734,False,0.054365465757870816,False,No_connection,False,False,0.01525478740668614,False,False,False,0.009087958455047061,False,False,0.0010548523206751054,False
28,False,False,False,False,False,False,False,False,False,0.021583901330736774,False,False,False,False,False,False,0.027831872768581626,False,False,False,False,False,False,False,False,0.013063940279130153,False,No_connection,0.04170723790976955,False,False,False,False,False,0.020610191496267444,False,False,False
29,False,False,False,0.07716650438169424,False,False,False,False,False,False,0.0008114248620577734,False,False,False,False,False,False,0.03805582603050957,False,False,False,False,False,False,False,False,False,False,No_connection,False,False,0.01979876663420967,False,0.009655955858487504,False,0.009169100941252839,False,False
30,False,False,False,False,False,0.0859298928919182,False,False,0.017526777020447908,False,0.0008114248620577734,False,False,False,False,0.008033106134371956,False,0.04138266796494644,False,False,False,False,False,False,False,False,False,0.033917559234014925,False,No_connection,False,False,False,False,False,0.01282051282051282,False,False
31,False,False,0.14451476793248944,False,False,False,False,False,False,False,False,False,False,False,False,0.00762739370334307,False,False,False,False,0.0755436546575787,False,0.010791950665368387,False,False,False,False,False,False,False,No_connection,0.05209347614410905,False,False,False,False,False,0.07067510548523205
32,False,False,False,False,False,False,False,0.0008114248620577734,False,0.025803310613437193,False,False,False,0.0008114248620577734,False,False,0.01890619928594612,False,0.018662771827328787,False,False,False,False,False,False,False,False,False,0.03797468354430379,False,False,No_connection,False,False,0.025803310613437193,False,False,False
33,0.10645894190197985,False,False,False,False,False,False,False,0.019393054203180785,False,False,False,False,False,0.034891269068484256,False,False,False,False,False,False,False,0.005679974034404413,False,False,0.012658227848101264,False,False,False,False,False,False,No_connection,False,False,False,False,False
34,False,0.41155469003570266,False,False,0.16739694904251867,0.14703018500486853,False,False,False,False,False,False,False,False,False,0.011035378123985718,False,False,False,False,False,False,False,False,False,False,False,False,False,False,0.348020123336579,0.05566374553716325,0.07716650438169424,No_connection,False,False,False,False
35,False,False,False,0.12723141837065888,False,False,0.06686140863356053,0.0008114248620577734,False,False,False,False,False,0.0008114248620577734,0.021583901330736774,0.0038948393378773123,False,False,False,0.10735150925024343,False,0.033836416747809156,False,False,False,0.01582278481012658,False,False,False,False,False,False,False,0.033836416747809156,No_connection,False,False,False
36,False,False,False,False,False,False,False,False,False,False,False,False,False,False,False,False,False,False,False,False,False,False,0.0010548523206751054,False,0.049983771502758845,False,False,False,False,False,False,False,False,False,False,No_connection,False,False
37,False,0.025803310613437193,False,False,False,False,False,False,0.005517689061992859,0.00243427458617332,0.0008114248620577734,False,False,False,False,False,False,False,False,False,0.0065725413826679645,0.004706264199935086,False,False,False,False,False,False,0.0065725413826679645,False,False,False,False,False,False,False,No_connection,0.00486854917234664
38,False,False,0.044871794871794865,False,False,0.07237909769555338,False,False,False,False,False,False,False,False,False,False,0.014037650113599481,False,False,False,False,0.023855890944498536,0.0008114248620577734,0.009006815968841285,False,False,False,False,0.022070756247971435,0.04649464459591041,0.06832197338526452,False,False,False,False,0.015498214865303473,False,No_connection
